<?xml version="1.0" encoding="UTF-8" standalone="yes"?>
<addon id="script.module.patch" name="Patch" version="1.0.0" provider-name="VIRTUAL">
	<requires>
		<import addon="xbmc.python" version="2.7.16" />
		<import addon="script.module.addon.signals" version="0.0.1"/>
	</requires>
	<extension point="xbmc.python.script" library="control.py">
		<provides>executable</provides>
	</extension>
	<extension point="xbmc.python.module" library="lib" />
	<extension point="xbmc.addon.metadata">
		<platform>all</platform>
		<summary lang="en_GB">Module providing access to voice control from application Mag (iOS)</summary>
		<summary lang="ru_RU">Модуль для голосового управления медиацентром через приложение Mag (iOS)</summary>
		<description lang="en_GB">Module providing access to youtube-dl video stream extraction for hundreds of sites. Version is based on youtube-dl date version: YY.MDD.V where V is the addon specific sub-version. Also provides downloading with the option for background downloading with a queue and queue manager.</description>
		<description lang="ru_RU">Для переключения ТВ каналов, включения фильмов через Kinopoisk, прослушиванию музыки Spotify и Tidal.</description>
		<license>GNU GENERAL PUBLIC LICENSE. Version 3, June 2007</license>
		<source>https://github.com/vir-2-al/script.module.patch.git</source>
		<assets>
			<icon>resources/icon.png</icon>
		</assets>
	</extension>
</addon>
